<?xml version="1.0" encoding="UTF-8"?>
<beans xmlns="http://www.springframework.org/schema/beans"
	xmlns:xsi="http://www.w3.org/2001/XMLSchema-instance"
	xmlns:context="http://www.springframework.org/schema/context"
	xmlns:aop="http://www.springframework.org/schema/aop"
	xsi:schemaLocation="http://www.springframework.org/schema/beans http://www.springframework.org/schema/beans/spring-beans.xsd
		http://www.springframework.org/schema/context http://www.springframework.org/schema/context/spring-context-4.2.xsd
		http://www.springframework.org/schema/aop http://www.springframework.org/schema/aop/spring-aop-4.2.xsd">

	<context:component-scan base-package="com.spring.biz" />

	<bean class="com.spring.biz.common.LogAdvice" id="laa" />
	<bean class="com.spring.biz.common.LogAdvice2" id="la" />
	<bean class="com.spring.biz.common.AfterReturningAdvice" id="ara" />
	<bean class="com.spring.biz.common.AfterThrowingAdvice" id="af" />
	<bean class="com.spring.biz.common.AroundAdvice" id="aa" />
	<!-- 
	<aop:config>
		<aop:pointcut expression="execution(* com.spring.biz..*Impl.*(..))" id="aPointcut"/>
		<aop:pointcut expression="execution(* com.spring.biz..*Impl.select*(..))" id="bPointcut"/>
		<aop:aspect ref="laa">
			<aop:before method="printLog" pointcut-ref="aPointcut" />
		</aop:aspect>
		<aop:aspect ref="la">
			<aop:after method="printLog2" pointcut-ref="aPointcut" />
		</aop:aspect>
		<aop:aspect ref="af">
			<aop:after-throwing method="printLogATA" pointcut-ref="aPointcut" throwing="exceptionObj" />
		</aop:aspect>
		<aop:aspect ref="ara">
			<aop:after-returning method="printLogARA" pointcut-ref="bPointcut" returning="obj" />
		</aop:aspect>
		<aop:aspect ref="la">
			<aop:before method="printLog2" pointcut-ref="bPointcut" />
			<aop:after method="printLog2" pointcut-ref="aPointcut" />
		</aop:aspect>
		<aop:aspect ref="ara">
			<aop:after-returning method="printLogARA" pointcut-ref="aPointcut" />
		</aop:aspect>
		<aop:aspect ref="af">
			<aop:after-throwing method="printLogATA" pointcut-ref="aPointcut" />
		</aop:aspect>
		<aop:aspect ref="aa">
			<aop:around method="printLogAA" pointcut-ref="aPointcut" />
		</aop:aspect>
	</aop:config>
	-->

	<aop:aspectj-autoproxy></aop:aspectj-autoproxy>
	
	<!-- 
	<context:component-scan base-package="test" />
	<bean class="test.AppleWatch" id="aw" />
	<bean class="test.ApplePhone" id="apple">
		<constructor-arg ref="aw" />
	</bean>
	
	<context:component-scan base-package="prac" />
	<bean class="prac.Model" id="model">
		<property name="datas">
			<list>
				<value>티모</value>
				<value>모르가나</value>
				<value>오리아나</value>
				<value>아무무</value>
				<value>아리</value>
			</list>
		</property>
	</bean>
	 -->





	<!-- 
	<bean class="test.ApplePhone" id="apple" lazy-init="true" >
		<constructor-arg ref="aw" />
		<constructor-arg value="1234" />
	</bean>
	
	<bean class="test.KiwiPhone" id="kiwi">
		<property name="watch" ref="kw" />
		<property name="number" value="1234" />
	</bean>
	
	<bean class="test.AppleWatch" id="aw" lazy-init="true" />
	<bean class="test.KiwiWatch" id="kw" lazy-init="true" />
	
	<bean class="test.TestBean" id="tb">
		<property name="map">
			<map>
				<entry>
					<key><value>timo</value></key>
					<value>1234</value>
				</entry>
				<entry>
					<key><value>ari</value></key>
					<value>123</value>
				</entry>
				<entry>
					<key><value>hong</value></key>
					<value>54321</value>
				</entry>
			</map>
		</property>
	</bean>
	
	<bean class="test.DaoBean" id="db">
		<property name="datas">
			<list>
				<value>샘플 데이터</value>
			</list>
		</property>
	</bean>
	
	
	
	
	 
	<bean class="prac.View" id="view" />
	<bean class="prac.Model" id="model">
		<property name="datas">
			<list>
				<value>티모</value>
				<value>모르가나</value>
				<value>오리아나</value>
				<value>아무무</value>
				<value>아리</value>
			</list>
		</property>
	</bean>
	<bean class="prac.Controller" id="app">
		<property name="model" ref="model" />
		<property name="view" ref="view" />
	</bean>
	 -->
	
</beans>