<?xml version="1.0" encoding="UTF-8"?>
<beans xmlns="http://www.springframework.org/schema/beans"
   xmlns:xsi="http://www.w3.org/2001/XMLSchema-instance"
   xmlns:context="http://www.springframework.org/schema/context"
   xsi:schemaLocation="http://www.springframework.org/schema/beans http://www.springframework.org/schema/beans/spring-beans.xsd
      http://www.springframework.org/schema/context http://www.springframework.org/schema/context/spring-context-4.2.xsd">

   <context:component-scan base-package="com.spring.controller" />
   <context:component-scan base-package="com.spring.biz" />

   <!--
   <bean class="org.springframework.web.servlet.handler.SimpleUrlHandlerMapping">
      <property name="mappings">
         <props>
            <prop key="/board.do">board</prop>
            <prop key="/logout.do">logout</prop>
         </props>
      </property>
   </bean>
   <bean class="com.spring.controller.BoardController" id="board" />
   <bean class="com.spring.controller.MemberController" id="logout" />
    -->
    
   <!-- VR 생성 -->
   <!-- 
   <bean id="viewResolver" class="org.springframework.web.servlet.view.InternalResourceViewResolver">
      <property name="prefix" value="./" />
      <property name="suffix" value=".jsp" />
   </bean>
    -->

</beans>